Brands,Models,Transmission,Colour,Mileage,Year,Prices,
29,210,1,3,39664,2,16777,0.345446268
32,205,1,81,50371,1,65950,0.327577657
0,2,1,2,54636,3,23850,0.911904641
31,184,1,123,43455,2,31950,0.30696592
31,180,0,109,43391,1,23500,0.219744087
4,64,0,123,14,1,15400,0.918399805
0,2,0,2,151280,4,16950,0.961616968
29,49,1,109,133000,8,12950,0.456845863
20,144,0,8,98167,4,16950,0.845224084
31,46,0,51,186006,6,8000,0.114679913
31,184,0,18,119088,6,12995,0.168200108
9,190,0,123,95501,2,23995,0.979639331
17,117,0,101,7500,0,27995,0.823720797
0,143,1,32,4,-1,209990,0.747424287
1,199,0,8,106375,4,19995,0.923448156
15,43,1,101,42296,6,16945,0.959209023
21,95,0,51,98588,4,12500,0.490056207
30,122,0,8,62442,3,15995,0.413777029
18,191,1,109,105329,7,21995,0.315307317
29,210,1,118,11601,0,21495,0.121320952
0,2,1,3,163666,4,16950,0.019033809
0,1,0,26,5,-1,38570,0.669082192
7,161,0,51,35405,3,24450,0.786497239
7,71,0,8,116003,3,13950,0.151664675
31,98,0,93,92000,3,16945,0.73309396
29,57,1,101,50900,1,22950,0.726045216
0,0,0,17,5,-1,29100,0.52105416
7,80,1,8,111100,3,22950,0.192221828
26,126,0,18,131499,5,12995,0.916699034
31,98,0,109,134000,4,13000,0.910675119
0,1,0,1,5,-1,38570,0.342795472
29,27,0,12,198330,4,10850,0.955586254
26,104,0,123,83684,3,31995,0.285455178
15,151,1,112,78770,2,49945,0.974726699
1,8,1,8,75188,3,29950,0.974941278
31,136,0,8,167179,7,11495,0.873204276
31,98,0,51,47918,3,16950,0.497766074
21,58,0,51,55880,2,12000,0.227544014
26,178,0,53,157068,3,17450,0.398170351
31,138,0,109,123714,7,9000,0.752997124
24,50,0,123,8566,1,17450,0.337772995
0,1,0,13,5,-1,35995,0.068607839
24,101,0,51,39839,1,23450,0.47827723
12,52,0,8,30166,4,22995,0.618623337
29,21,1,98,125000,5,10750,0.170772728
26,68,0,123,9142,3,12950,0.01287949
8,55,0,8,122500,5,13750,0.311954472
31,135,0,12,88512,3,23500,0.696905945
31,81,0,101,78000,2,19000,0.877896985
21,24,1,101,65330,3,14995,0.184006016
0,8,0,2,63970,3,26450,0.106879026
31,83,1,8,68000,3,22450,0.838526516
31,135,0,12,140449,3,18500,0.137692482
29,146,0,117,127024,6,14995,0.609813955
29,49,1,84,9801,0,36995,0.03118234
7,73,0,8,233000,12,2500,0.738098399
8,97,1,123,115000,5,13950,0.47794992
31,184,0,51,27871,1,32945,0.783431133
31,81,0,12,269678,10,6000,0.024728879
20,144,0,101,43400,2,20495,0.882459198
31,184,0,18,108017,5,15950,0.861891121
29,139,1,123,140999,6,11950,0.324003569
31,184,0,109,180329,4,16450,0.634116383
31,184,0,51,136144,8,12000,0.619003944
31,135,0,55,114260,4,15950,0.694850285
29,18,0,44,499,1,13495,0.666916733
0,3,1,7,4,-1,51712,0.594948376
31,135,0,77,150850,4,16950,0.642534893
31,135,0,37,10000,0,39945,0.442953259
31,138,0,101,44768,2,15945,0.183901584
18,32,0,123,161413,3,19945,0.652958743
18,32,1,123,106214,4,22945,0.588605315
24,119,0,101,10480,1,16950,0.211995117
28,166,0,109,195701,10,3950,0.201413681
1,5,1,8,86902,3,21945,0.946299608
31,81,0,55,88803,2,20945,0.345032479
31,135,0,101,158852,4,16950,0.374860061
21,95,0,114,38600,1,24950,0.097766007
31,98,0,51,96495,4,15000,0.673453849
9,217,1,123,$,2,17995,0.147392071
1,5,0,8,128056,8,11950,0.09826205
29,27,0,51,83637,3,16950,0.59999765
0,8,1,17,4,-1,45839,0.973992729
20,144,0,8,$,5,16995,0.733035348
0,7,0,7,5,-1,34950,0.335592573
32,203,0,124,171479,4,19950,0.834633876
30,122,0,15,40500,3,14000,0.716663881
1,9,1,8,72000,5,17995,0.889394895
17,45,0,101,179999,5,14995,0.631354303
31,135,0,109,107628,5,13500,0.651998665
29,196,0,109,133865,9,6450,0.777197147
1,8,1,8,199553,5,16945,0.974491646
13,141,0,101,2499,0,22995,0.246431209
20,144,1,12,47007,2,21495,0.643553149
31,184,0,109,180329,4,16450,0.919756885
9,190,0,7,76002,4,18995,0.988038129
24,119,0,46,171386,7,6750,0.681943852
0,4,0,15,163120,9,10995,0.671100612
31,184,1,12,17217,0,39950,0.946145472
31,81,0,123,122307,5,13995,0.450894513
0,8,1,25,5,-1,99320,0.392083985
15,151,1,112,27185,3,43945,0.428902121
29,26,1,73,64727,2,18888,0.734465662
0,3,1,27,10,-1,59500,0.709072299
19,17,0,12,37331,3,17950,0.373899446
0,2,0,34,48247,3,24850,0.118251158
24,119,0,51,28059,1,18950,0.781083944
0,0,0,19,5,-1,34187,0.642007583
18,65,1,8,113617,3,28900,0.210110924
0,2,1,17,5,-1,47284,0.183402264
29,26,1,12,117479,3,16850,0.616141157
20,121,0,51,20597,1,14495,0.136606756
0,2,0,2,113280,3,18950,0.251809285
22,67,0,109,3,8,6750,0.748796642
31,187,0,12,69089,2,25500,0.601569062
31,81,0,109,83684,2,19495,0.995285881
18,41,1,51,35501,2,36945,0.76575775
31,135,0,51,121999,4,19995,0.52445424
31,98,0,51,103843,4,15950,0.650209982
0,8,1,17,5,-1,52057,0.373415927
7,100,0,8,88157,4,8225,0.172233607
13,195,0,51,262704,3,6995,0.638671286
20,144,0,8,90000,5,15495,0.72098844
31,46,0,123,191012,3,7500,0.583406239
0,3,1,3,57774,3,29950,0.390972883
26,178,1,20,85400,2,19500,0.831266938
0,8,1,17,5,-1,50215,0.839167512
31,138,0,105,20,0,18945,0.679756012
24,50,0,51,31809,1,17450,0.614270956
20,144,0,51,$,1,24995,0.172520858
31,135,1,51,73141,2,22500,0.986834127
7,69,0,109,170586,6,8450,0.778175167
32,164,1,51,$,-1,56658,0.886739381
9,214,0,101,2,1,16995,0.668607916
0,2,1,34,51739,3,25850,0.271073608
31,38,0,53,277121,7,10950,0.071637814
20,144,0,125,94466,3,17450,0.776360686
26,68,0,51,69000,5,9495,0.560213337
0,1,1,3,25500,2,23950,0.353304178
24,119,0,12,16780,1,18450,0.046530967
17,118,0,8,122146,4,13950,0.416428644
13,159,0,18,134676,6,8250,0.433642561
7,161,0,8,52785,1,31750,0.138668124
8,42,0,8,51976,3,20950,0.64717052
20,144,1,51,40869,2,22995,0.834749017
24,119,0,101,16357,1,18950,0.757830982
22,6,0,51,101286,3,21995,0.691141215
25,22,1,101,19,0,22495,0.08452094
31,98,0,109,123000,4,13500,0.519789984
0,4,0,34,92884,4,23495,0.071114496
24,212,1,12,28665,1,20950,0.560410669
31,81,0,8,201163,7,14750,0.441008211
26,68,0,123,63217,3,10250,0.072968708
7,123,0,8,153849,3,14950,0.965121121
32,203,1,12,56647,2,47995,0.932486117
24,101,0,51,53181,3,18950,0.207260118
26,178,1,8,165758,3,16950,0.406209692
24,119,1,109,71886,2,16750,0.206435266
25,22,0,8,25507,2,17995,0.39659825
31,135,0,109,219146,4,15000,0.349853582
31,138,1,8,67591,3,17350,0.533901181
31,187,0,12,34291,0,38500,0.623886637
24,101,0,123,30367,1,24450,0.712045446
28,179,0,8,37014,3,12450,0.892359876
31,81,0,51,73710,5,16945,0.599398465
29,33,0,8,61244,2,19850,0.991273656
7,71,0,8,16994,1,21450,0.716811372
31,38,1,124,112490,3,18950,0.900097552
31,184,0,51,132269,3,22950,0.340241854
18,32,1,12,75655,3,26945,0.919732814
31,184,0,51,95697,3,27000,0.552739284
3,84,1,109,97996,5,13995,0.119418032
21,95,0,12,111364,3,16950,0.738848621
31,46,0,109,125000,5,10000,0.026544844
0,4,1,35,189897,3,24950,0.864170992
31,184,0,50,193805,9,10500,0.516552824
19,131,1,8,86500,4,34995,0.210535746
21,122,0,123,82900,4,14995,0.042462675
20,144,0,51,43000,1,23495,0.296386475
25,22,0,8,2,0,21495,0.927563192
20,144,0,101,45418,1,23495,0.807644663
14,61,1,51,68000,5,24900,0.480013473
31,187,0,8,153094,6,13500,0.659502513
22,11,0,8,150148,10,5950,0.773144117
0,1,0,18,5,-1,35995,0.735627648
20,144,0,8,23979,3,17450,0.880289511
24,50,0,51,21040,1,17450,0.171414612
1,2,1,51,63451,1,28500,0.062292372
31,98,0,12,46000,2,22000,0.146978511
18,65,1,12,40962,2,34900,0.871034968
24,56,0,51,33795,1,12725,0.508524411
31,180,0,123,17017,0,26500,0.979088394
0,1,0,9,10,-1,43563,0.010501778
31,184,0,96,10061,0,40945,0.261121114
24,101,0,12,14526,1,23450,0.960745237
29,57,1,76,5540,0,25895,0.465470087
31,81,0,123,74000,2,24500,0.697276155
20,198,0,8,246100,4,15950,0.744120391
0,4,1,7,5,-1,61135,0.946070392
26,126,0,12,24476,2,19795,0.744530265
25,22,0,8,60318,2,17495,0.616216469
17,45,0,101,98014,3,16500,0.03438789
0,4,1,2,124640,4,21995,0.61973545
9,218,0,109,103500,6,8100,0.997210231
31,184,1,51,47480,3,28500,0.66819568
20,144,0,8,162539,8,9350,0.758314848
31,98,0,51,101653,4,14000,0.085407713
21,24,0,109,232902,9,5000,0.340258918
18,32,1,51,93568,3,26900,0.778728783
19,130,0,124,174287,6,14950,0.581277679
29,57,0,51,44999,3,16495,0.815802534
31,135,0,109,100192,3,19500,0.679777899
29,27,0,120,100218,4,15995,0.591521692
31,135,0,101,171640,8,9500,0.763425105
29,57,0,51,245097,14,1900,0.654457472
15,43,1,8,48601,2,22950,0.367894208
26,126,0,8,153408,3,13495,0.243101253
26,126,0,8,138078,3,14950,0.83933532
0,4,1,2,68878,3,27450,0.093710423
17,44,0,8,10621,0,26995,0.631020703
0,4,1,2,5150,0,50950,0.265704241
6,10,0,50,48279,3,11950,0.325902953
9,190,1,51,12002,0,36995,0.003619813
21,24,0,30,46770,2,13950,0.478007669
31,184,0,5,4000,0,38945,0.970520586
7,71,0,123,94949,3,16495,0.13207353
24,119,0,8,15,1,18950,0.294140502
20,144,0,51,165436,5,13500,0.036473576
7,80,0,12,83684,3,24950,0.359253271
18,65,1,8,104102,2,32900,0.349873484
29,26,0,123,63950,2,16995,0.72624458
31,135,0,8,112651,4,16350,0.194261146
24,50,0,51,39948,1,17450,0.895063215
24,119,0,101,60249,3,14950,0.039033883
7,71,0,51,70624,3,16995,0.280822406
31,135,0,109,75911,3,21500,0.577932493
0,4,1,15,73384,3,26950,0.895835917
1,12,1,109,67966,3,39995,0.730518789
18,39,1,123,160608,4,18750,0.918755044
7,71,0,12,67666,3,14950,0.960822016
24,50,0,51,75198,4,12995,0.599317929
13,176,0,101,150153,4,16995,0.864088845
31,81,0,109,78999,3,18495,0.815538113
18,65,1,8,187233,4,22900,0.557996867
22,3,0,51,137243,2,14500,0.710918251
20,144,0,8,111708,4,15995,0.393654221
26,126,0,7,116999,5,12995,0.09425262
18,78,1,25,18526,0,83900,0.75624543
31,81,1,51,27979,2,24945,0.259749111
31,138,0,80,22531,2,16445,0.148987208
31,184,0,5,19216,0,37945,0.569040825
7,161,0,36,85937,4,21950,0.509534487
31,81,0,101,22091,3,20500,0.891467069
15,150,1,8,62203,5,34995,0.520639568
31,135,1,99,25,0,37845,0.901647089
9,218,0,12,117000,5,15495,0.841556451
15,43,1,29,5,0,35945,0.221906394
31,81,1,101,55086,4,17500,0.524652089
15,43,1,4,51345,2,26945,0.295926839
26,54,0,51,32000,3,11500,0.861133086
31,187,0,7,72845,3,22495,0.576677391
21,24,0,12,156351,4,10950,0.349352254
24,70,0,46,111075,4,9500,0.644607096
29,146,1,115,11800,0,37975,0.499428766
29,139,1,85,10,0,32599,0.327584034
0,10,1,28,10,-1,106505,0.125767574
29,33,1,87,12501,0,29495,0.541938439
18,65,1,8,128499,6,17995,0.465737252
29,27,0,109,201031,7,7950,0.699419961
18,65,1,109,68749,4,26995,0.732957829
18,77,1,109,69058,2,41995,0.50211024
29,27,0,51,132300,5,11950,0.609259201
20,144,0,51,37027,2,20995,0.058154519
7,123,0,51,96503,3,17950,0.505135467
22,3,0,51,4599,0,27250,0.330972511
21,24,0,101,149851,4,10500,0.106869049
9,213,0,101,20655,2,11950,0.293007294
1,9,1,12,28646,2,32945,0.921579647
24,50,0,12,28950,1,17450,0.853893476
5,183,0,109,195992,15,2500,0.218910222
24,50,0,51,28556,1,17450,0.022079278
31,81,1,109,183460,3,15750,0.411686086
31,184,0,18,119088,6,12995,0.785295935
18,65,1,12,162490,6,15950,0.480321981
0,2,1,12,5,-1,48537,0.393227796
0,142,1,109,71689,3,49995,0.785064883
20,144,0,51,44230,1,23495,0.92494476
18,65,1,8,23351,1,46945,0.69618595
31,184,0,51,14000,0,37945,0.803261203
26,178,0,109,70999,2,23495,0.67132224
9,190,0,12,79937,4,18950,0.894399744
29,57,0,51,69950,2,17995,0.071174684
9,96,1,123,44256,1,22995,0.354780996
31,180,0,123,15489,0,28500,0.913039288
12,157,0,8,30638,2,18950,0.972474132
0,4,1,4,205025,7,14950,0.413639837
18,65,1,8,56523,2,34995,0.299654932
0,8,1,23,5,-1,46819,0.906597459
29,210,1,57,52876,3,15399,0.372637843
31,135,1,51,74511,2,22950,0.156489541
29,57,1,123,120698,31,3450,0.11388953
31,135,0,101,99105,2,24500,0.854677143
8,42,0,101,164565,4,16950,0.051873145
31,184,0,8,129494,5,16995,0.188530962
20,144,0,51,165000,5,13500,0.289350258
26,178,0,8,124973,2,19995,0.528743245
31,219,0,109,168732,5,8500,0.576332578
31,184,0,8,13262,0,37945,0.645340919
26,126,1,12,21436,1,22995,0.910049432
29,57,0,51,68999,2,17995,0.909174364
11,66,0,101,8500,1,33995,0.881516774
13,51,0,51,$,0,24995,0.528492852
29,27,0,58,92348,2,18888,0.834874798
7,80,0,109,227457,7,13500,0.049047206
24,50,0,101,89165,3,14450,0.576734819
15,91,1,112,108200,7,16945,0.583042497
26,103,0,12,32991,2,24995,0.830968424
0,4,1,7,5,-1,60147,0.796591644
18,65,1,51,123604,4,23995,0.970519429
31,138,0,123,24476,2,15450,0.335979236
13,125,1,51,26795,1,26995,0.332158265
31,135,1,12,210321,3,17950,0.761602681
29,210,0,119,28745,1,15499,0.968970532
29,57,0,123,62900,3,16995,0.107296357
0,1,1,7,2,-1,39818,0.21966668
25,19,0,109,94949,3,23900,0.77876371
0,2,0,31,147999,6,14995,0.204191561
18,65,1,8,15610,0,44945,0.12217596
20,144,0,123,85293,4,18450,0.794572006
31,48,1,51,67000,2,24000,0.235180704
29,26,1,51,18250,3,17950,0.740428506
13,176,0,101,55777,2,24995,0.060044422
29,33,1,109,29389,3,23495,0.820560373
24,50,0,51,22856,1,18450,0.39964308
1,5,1,80,74028,3,26950,0.648560386
0,0,0,0,5,-1,28343,0.412083198
9,106,0,50,35749,1,18500,0.918622065
20,144,0,51,53000,2,21495,0.470559963
21,95,0,51,207200,4,9950,0.226939063
31,48,0,109,13,0,36500,0.12171837
22,6,0,51,65267,2,24995,0.433948975
31,135,0,101,108141,3,20450,0.210845749
26,126,0,12,128744,3,15500,0.815188659
31,81,0,123,159308,4,12950,0.461959193
31,187,0,18,179505,7,11500,0.606302205
0,1,0,26,10,-1,42418,0.47020823
31,81,0,12,205585,7,10500,0.789641063
29,57,0,117,62811,3,16495,0.273008991
18,76,1,69,1377,0,47540,0.872665941
7,123,0,109,339562,12,2450,0.916508371
31,81,0,101,189644,15,2750,0.350040014
31,184,0,46,47933,2,28000,0.654934444
31,184,0,55,4000,0,43945,0.500436672
31,135,1,8,66216,3,21950,0.299675144
17,115,0,51,28420,4,21995,0.556982999
4,64,0,51,27965,1,17450,0.751677131
15,43,1,60,73800,6,15945,0.11663632
0,9,1,9,5,-1,66063,0.478890667
0,11,1,26,4,-1,88970,0.569218883
29,26,0,38,54778,3,16899,0.882170442
24,119,0,12,18396,1,18950,0.809531193
20,144,0,12,39304,1,23495,0.71456779
31,135,0,109,177350,8,8450,0.481235347
26,126,0,109,99398,3,15495,0.023560581
31,138,0,101,202000,10,4900,0.53389111
29,210,0,97,63612,3,12799,0.402100062
20,144,0,12,86902,3,17750,0.307673591
25,19,0,12,58999,2,30495,0.291021924
20,144,0,123,44137,2,19995,0.165213021
29,140,1,101,4736,0,33995,0.79497862
31,98,0,8,105405,4,14000,0.905249331
29,57,0,51,53081,2,17250,0.156040284
31,184,0,123,9981,0,35950,0.740756053
26,178,0,51,104605,2,28000,0.345022461
7,123,0,18,312204,9,4950,0.836118608
1,9,1,14,6194,0,49750,0.409209025
7,71,0,51,202772,3,12950,0.90545545
31,184,0,109,83008,2,27000,0.390340337
29,27,0,92,95690,3,16499,0.311024225
21,24,0,101,59608,3,14500,0.297100393
9,190,0,18,82982,3,18995,0.649222903
31,184,0,101,117000,3,23000,0.184092351
7,34,0,8,102998,5,12495,0.769763477
9,190,0,17,120318,4,16995,0.340330527
20,144,0,18,105516,4,16495,0.979034469
26,126,0,51,16,0,24995,0.169526579
13,176,0,51,116818,4,17500,0.09501252
31,135,1,51,6136,0,39945,0.830442258
0,142,1,50,223693,11,13750,0.230454327
31,184,0,18,154224,6,12950,0.833214942
9,216,1,109,125500,6,9995,0.645904524
26,104,1,8,41924,1,36995,0.456722179
20,144,0,51,159140,3,13725,0.637282463
20,121,0,101,18500,1,14495,0.826952916
31,81,0,8,142275,9,9500,0.806199914
31,135,0,12,25926,1,31950,1.91388E-05
24,50,0,8,21107,1,16450,0.09803682
31,184,0,8,133732,3,23000,0.925917864
31,184,0,8,129494,5,16995,0.402841763
26,126,0,123,56326,2,18500,0.30875438
31,81,1,8,32851,2,23950,0.428825322
31,184,0,51,113569,5,15950,0.05056708
13,159,0,101,63307,6,9995,0.278825626
31,98,0,109,86902,5,13450,0.639911065
31,81,0,89,85685,5,13895,0.727758048
31,48,0,51,94949,7,16750,0.285186016
31,83,0,51,23000,3,22000,0.775665704
18,41,1,51,85509,3,31895,0.227218457
26,126,0,8,177927,6,9995,0.190573892
31,185,0,8,20,0,43500,0.667448177
29,33,1,62,36707,1,26995,0.497660462
24,119,0,51,38005,1,19450,0.260132943
0,2,0,31,172195,4,18950,0.784395675
32,193,1,12,$,-1,61714,0.801031016
0,10,1,2,62500,2,57950,0.969305341
31,135,0,8,319929,8,6450,0.750178261
13,176,0,8,64499,7,13995,0.150472733
31,83,1,51,106705,3,21500,0.645764796
26,178,0,51,283237,7,8500,0.168724844
0,2,0,31,77660,5,16950,0.401361294
17,45,0,8,125000,7,12950,0.805922516
31,81,0,101,30162,1,25000,0.051356137
31,81,0,12,46044,3,18500,0.763427203
1,5,1,123,158677,4,19950,0.351263201
0,4,1,2,36773,3,26950,0.186608161
31,81,0,109,127135,3,21995,0.643991573
20,144,0,8,108999,4,15995,0.989143133
0,2,0,31,147251,4,17950,0.034209306
29,57,0,101,115000,4,13950,0.97005357
20,144,0,8,37014,4,17350,0.52287474
31,138,0,51,70000,3,14500,0.756779698
31,81,0,123,31697,2,23945,0.609360064
0,2,0,30,126813,3,21750,0.621970438
9,190,0,7,78000,4,18995,0.464603414
29,26,0,12,48509,2,18995,0.973580036
20,144,0,101,125730,5,14495,0.784351083
9,215,0,8,99542,3,13900,0.020885766
15,91,1,51,131963,3,22925,0.520938552
14,61,0,46,88499,5,25495,0.828961668
31,184,0,51,73139,3,24500,0.006542741
32,164,1,51,87185,1,31995,0.937895726
7,71,0,12,129000,4,11995,0.077352009
31,187,0,8,134347,4,17500,0.615336416
24,50,0,109,52759,2,15250,0.571086956
18,15,0,123,10,-1,38130,0.166069918
18,65,1,109,96325,4,21950,0.76945855
31,171,0,8,22453,1,35845,0.546656128
29,57,0,96,20602,2,18995,0.103528249
29,33,1,63,48700,1,27999,0.383982882
0,8,1,26,5,-1,51205,0.712294918
19,130,0,51,83684,3,24900,0.849456002
29,26,0,123,190500,4,11750,0.134024426
29,21,1,109,148000,3,13950,0.199208292
31,184,0,8,31500,0,42000,0.177321321
31,29,0,126,169,15,4250,0.897103228
31,81,1,123,159140,3,19925,0.72672346
9,215,0,8,68810,2,17750,0.38986626
0,1,0,15,93607,3,18500,0.739736144
29,57,0,74,55510,2,19995,0.243228621
0,1,0,30,63122,3,19995,0.682237762
18,77,1,51,63834,2,39900,0.451576558
7,123,0,51,138103,6,10450,0.161733395
32,205,1,107,17702,0,75950,0.152148982
29,49,1,109,127000,5,14950,0.260004797
31,81,0,109,164149,6,11950,0.452039531
18,32,1,25,32290,2,34950,0.981876213
30,95,1,8,73746,4,13950,0.503899814
0,2,1,26,5,-1,48537,0.831391391
0,4,1,2,28623,2,36250,0.132456623
18,65,1,8,28179,2,34945,0.782854196
0,7,0,17,5,-1,34990,0.280546797
21,24,0,123,11828,2,17500,0.668852742
26,126,0,101,122999,5,17495,0.59845518
20,121,0,12,15000,1,14495,0.133380996
26,126,0,51,141618,4,18995,0.78578093
20,144,0,8,46617,3,16995,0.982268102
1,9,1,8,113456,4,21950,0.550495188
20,144,0,51,69200,3,18350,0.175602906
18,65,1,51,36499,2,35995,0.514459904
24,119,0,12,17,1,17950,0.2913421
22,1,0,109,43451,5,7750,0.903001736
9,216,0,101,96000,4,16995,0.948237155
16,87,0,123,136791,4,12725,0.764849873
4,64,0,123,81134,2,13950,0.594605224
29,210,1,74,47008,2,16995,0.839455832
20,144,0,17,68345,3,17950,0.268347837
0,9,1,2,129436,9,15950,0.614747874
0,6,1,29,114260,5,29950,0.687408176
24,50,0,51,28262,1,17450,0.504303838
25,19,1,51,19,0,44995,0.843907913
20,144,0,51,34505,2,21495,0.299175476
20,144,1,123,67000,2,22995,0.088212
29,57,1,119,28232,1,23845,0.869772757
7,123,0,8,197944,4,13950,0.316120465
31,81,0,51,64765,3,17950,0.711470041
24,101,1,51,67909,3,19250,0.072171519
29,33,1,64,57063,1,25999,0.574243335
25,19,0,12,80465,3,26950,0.366699538
18,15,0,38,7,-1,37780,0.414421116
31,184,0,123,138400,4,16995,0.052018175
32,205,1,51,107525,3,44995,0.440952298
21,86,0,51,23198,1,26500,0.058619669
20,144,1,51,65792,2,22995,0.157129894
31,29,0,101,99894,6,13500,0.907158193
31,135,0,51,90010,3,18950,0.535949454
15,43,1,68,124800,4,17945,0.155141434
24,119,0,51,81391,3,14950,0.266873573
32,202,1,123,$,0,49995,0.589980236
31,81,0,101,298742,13,2450,0.462889667
4,64,0,18,27760,1,18450,0.632508406
15,124,1,101,74600,2,36950,0.921846046
22,3,0,8,73608,3,15995,0.654459695
7,71,0,12,91730,3,14750,0.556322505
20,144,0,8,25000,1,23495,0.396071234
24,119,0,51,6522,0,22950,0.689816764
18,65,1,8,47600,2,35995,0.194694482
0,4,1,7,5,-1,57636,0.18798593
0,2,0,31,88512,3,21950,0.60454396
24,101,0,12,27344,1,23450,0.457972069
29,57,1,117,6300,0,24495,0.387797375
25,182,0,51,16528,1,31995,0.831913442
18,65,1,108,4218,0,56895,0.571425456
32,203,0,51,160700,4,18950,0.179859591
7,189,0,123,140344,3,13950,0.575856314
18,15,0,12,112007,6,16000,0.697346315
32,163,1,51,$,-1,52831,0.611194574
20,99,0,123,5,-1,21550,0.562701706
31,135,1,123,3000,0,44945,0.43057746
31,98,0,12,82141,3,16000,0.463834083
31,81,0,123,42315,1,25500,0.149554451
22,11,0,51,43226,2,27995,0.25709287
20,144,0,8,82074,3,18495,0.365592676
18,32,1,78,15,0,46900,0.603572694
31,81,0,51,127200,7,11950,0.268040416
31,135,1,101,2,-1,42500,0.357149709
24,101,0,8,39752,1,25450,0.888841836
24,170,0,51,8482,1,25950,0.227981859
9,216,0,109,94949,2,17950,0.785018184
20,144,0,123,85850,4,16995,0.351595048
29,210,1,75,41,0,21395,0.601417076
31,98,1,18,238963,5,10500,0.373394913
8,55,0,12,84327,2,17950,0.766732287
24,119,0,101,89000,3,15950,0.41401292
32,205,1,109,79887,2,52995,0.873580207
7,71,0,12,96558,4,13750,0.505105465
7,71,0,123,72419,2,17495,0.069070939
29,210,0,51,60228,2,13250,0.627793944
7,71,0,12,202772,11,3850,0.591838885
1,8,0,124,97800,4,22950,0.739993683
29,57,0,109,112554,5,10495,0.854347229
13,206,0,12,$,0,25995,0.573543223
31,135,0,51,76171,2,26500,0.188631435
0,2,1,5,174448,3,18950,0.717650588
25,112,0,98,68002,3,14500,0.171489495
32,192,0,8,39000,3,21995,0.644953976
8,97,1,12,132000,5,11450,0.665679131
8,97,1,123,155000,5,9950,0.982866094
20,144,0,8,178632,11,5850,0.245689074
13,159,0,51,31540,3,11995,0.390156392
24,56,0,101,47003,1,12700,0.95578716
31,184,0,18,73439,4,23000,0.524055723
26,126,1,101,77246,2,18950,0.810485995
26,126,1,51,43206,3,17995,0.691409023
7,71,0,51,307376,12,2450,0.10322602
24,50,1,123,160333,5,13500,0.369123321
7,71,0,27,94200,5,11950,0.351904047
31,135,0,8,155142,6,13500,0.109890908
0,143,1,72,2,-1,119800,0.171318985
26,126,0,51,165000,4,13495,0.96235814
21,95,0,19,253500,7,6950,0.81849173
29,18,0,123,3944,0,11995,0.482598557
18,160,1,56,27680,2,64945,0.371074488
9,190,0,123,92002,3,18995,0.849267831
24,101,0,8,36657,1,23450,0.709762239
24,119,0,12,41438,1,18950,0.2965303
26,126,0,123,9656,0,24500,0.83557021
0,7,0,18,2,-1,35990,0.98419285
31,172,1,51,69000,2,34995,0.136980957
31,135,0,8,342947,9,5450,0.871322634
24,101,0,8,22200,1,24450,0.396677592
20,144,0,123,104605,4,15995,0.339771931
0,4,1,3,126652,3,24950,0.558338591
13,195,0,8,79617,9,6500,0.752899452
13,51,0,51,240249,9,4450,0.680787736
31,98,0,109,99987,5,13500,0.655698194
31,82,0,109,166653,14,2400,0.505342771
7,69,1,109,35405,5,13450,0.420420559
7,161,0,51,46670,1,31750,0.998918711
31,138,0,8,108132,10,6950,0.771667889
7,71,0,109,148800,7,9950,0.042330231
20,144,1,51,60028,3,20995,0.411592404
13,51,0,51,49826,3,16995,0.285037394
7,161,0,8,85293,3,21900,0.26569451
31,135,0,51,318968,9,5950,0.543525732
0,1,0,26,10,-1,37760,0.931058869
18,32,1,12,54884,3,27900,0.173020171
31,98,0,8,72000,2,18500,0.071061066
14,60,1,17,238176,9,15950,0.279287576
29,146,0,8,57858,4,18995,0.181022786
17,117,0,51,88907,7,8950,0.306426465
24,119,0,12,23189,1,17950,0.042057075
1,0,0,8,56099,4,17995,0.635304068
31,184,0,51,103535,2,27950,0.747646106
0,4,0,15,341596,8,8950,0.432241052
15,90,1,8,192000,12,4950,0.65727754
4,64,0,51,24,0,21750,0.028879824
31,138,0,101,$,0,17945,0.537088463
7,71,0,109,201163,12,2500,0.063270442
13,125,1,51,19563,1,26995,0.612434019
26,178,0,12,9999,0,38495,0.445726969
31,172,1,8,66786,2,34995,0.160623123
31,135,0,109,80141,2,26950,0.307150548
18,65,1,8,6962,0,57950,0.664745004
25,92,0,8,47698,3,12495,0.990148106
7,71,0,12,104605,5,11250,0.379372474
31,81,0,12,94046,2,16500,0.669585055
2,175,0,50,74028,7,6250,0.998867932
0,2,0,3,182656,2,20950,0.030293509
26,178,0,18,157711,4,18450,0.184061295
32,202,1,12,8999,1,43995,0.802466828
24,50,0,51,36048,1,17450,0.777497536
25,25,0,123,16999,1,29495,0.573579416
0,4,1,22,162217,3,23950,0.575798347
24,188,0,123,14,0,30250,0.643119601
31,135,0,8,100300,3,20500,0.843845833
31,98,1,8,133931,6,10450,0.02966359
31,81,0,51,298607,7,8500,0.611885422
13,176,0,51,73830,2,24995,0.555481386
18,65,1,8,145371,4,21995,0.693504434
26,178,0,51,33045,2,22995,0.63892746
21,24,0,109,173850,6,8750,0.182812816
15,124,1,61,$,0,56945,0.263027332
7,71,0,12,100237,3,14950,0.336798839
19,17,0,109,112546,3,16950,0.334046044
24,50,0,8,96000,3,11995,0.266782403
31,135,0,101,229496,8,7500,0.035651036
1,13,1,8,240339,8,15950,0.729321802
0,8,1,12,5,-1,47440,0.19229222
20,121,0,12,18617,1,13995,0.993400977
25,92,0,109,23726,1,15995,0.141816636
29,210,1,3,86092,3,14799,0.338376294
31,180,0,8,15956,0,27500,0.28956537
31,181,0,101,15,0,32500,0.551763548
18,41,1,8,10,-1,83676,0.967514879
0,10,1,3,61000,1,79950,0.666993803
21,24,0,109,133000,4,11450,0.797332774
1,9,1,113,49888,2,36995,0.815843527
21,95,0,109,180724,8,4950,0.009397395
20,99,0,51,$,0,24995,0.269201533
31,184,0,109,160594,4,19950,0.606104665
20,99,0,101,$,5,12995,0.164626053
29,18,0,103,39507,1,11495,0.098798986
30,24,0,51,112500,4,10900,0.266322915
29,57,0,8,144926,5,10995,0.611984398
18,65,1,51,90121,3,27995,0.734552333
29,140,1,109,145000,5,13950,0.612582801
11,208,1,51,55500,2,35950,0.776129353
0,142,1,51,57185,2,54995,0.002600511
1,5,0,8,195691,10,6750,0.205625567
31,81,0,101,10201,0,27500,0.21532762
31,184,0,12,266000,10,6950,0.002474812
3,84,0,109,132000,6,11495,0.861674592
1,9,1,13,63406,1,37950,0.925535029
7,71,0,51,104605,3,13900,0.304388007
31,23,1,51,71700,1,38500,0.002856928
31,135,0,8,46000,1,31945,0.59403408
24,119,0,109,70548,11,3250,0.166848815
29,26,1,101,74675,2,17950,0.936485455
14,60,1,123,112500,3,34950,0.250425749
31,184,0,12,85875,4,17500,0.283535554
29,57,0,2,142125,3,15995,0.038977428
21,24,0,51,105265,3,13450,0.023349725
0,3,1,24,10,-1,60900,0.495401141
31,138,0,104,5000,0,19945,0.333230297
31,181,0,12,20,0,29945,0.30873422
31,219,0,123,47021,2,10500,0.840318625
31,135,0,18,238176,7,7425,0.582782378
21,58,0,123,86902,10,5450,0.012778313
0,2,1,7,2,-1,46796,0.657138179
29,18,0,103,9900,0,14495,0.217274213
0,7,0,17,5,-1,36950,0.649701647
0,8,1,26,5,-1,47900,0.681702905
29,139,1,8,169000,5,12450,0.311667539
20,144,0,8,70986,3,16495,0.72133926
0,4,1,2,184667,4,18950,0.830170159
0,8,1,23,4,-1,47801,0.669855961
31,135,0,12,98972,3,19450,0.953574568
26,156,0,46,86902,4,11750,0.980338156
26,178,1,0,25731,2,26495,0.830064968
25,25,0,109,28300,1,26950,0.006741342
1,8,0,109,72554,7,16995,0.241079372
22,133,0,12,77246,4,14950,0.213807397
18,75,1,51,4153,0,43900,0.546645281
29,139,1,109,136000,5,13750,0.079996155
9,213,1,101,33002,1,14850,0.726001928
31,135,1,8,46557,2,29500,0.569488234
20,144,1,18,44925,2,22995,0.430744912
7,189,0,123,90121,15,6450,0.31611336
32,202,1,123,15736,1,43995,0.62128803
0,1,0,31,164046,8,8995,0.055204523
26,178,0,8,72972,2,27450,0.458426733
31,135,0,51,95891,3,21000,0.285179977
3,84,1,101,200641,10,5000,0.581847123
0,1,0,2,299330,6,11900,0.895726339
31,81,0,12,215331,12,4000,0.234045723
31,98,0,12,359286,7,8000,0.875492213
31,135,0,109,45060,2,25500,0.8511135
9,168,0,123,94788,4,24950,0.210643809
24,119,1,12,83455,3,15950,0.576810643
0,4,1,16,169942,3,24950,0.568582493
0,4,1,2,20908,1,43450,0.81020147
26,178,0,51,2,0,33495,0.491783065
31,187,0,123,33700,4,21495,0.474676518
13,176,0,8,41969,2,24995,0.615319392
31,81,0,109,169781,9,7950,0.235001185
0,142,1,51,124882,3,46995,0.078181094
31,138,0,8,92002,5,12500,0.142963534
20,144,0,12,86902,3,18495,0.590242148
29,26,1,76,20542,1,22499,0.184632938
32,203,1,8,58290,2,41995,0.94941398
0,0,1,11,5,-1,32900,0.985039767
31,81,0,123,27358,3,18250,0.150392768
20,121,0,123,5,-1,15895,0.100448179
31,81,0,123,95312,2,17950,0.42516025
31,219,0,123,111364,4,7950,0.997640708
31,81,0,51,34096,1,19950,0.347511895
31,135,0,51,65819,3,18750,0.611352433
4,113,0,101,25,1,14950,0.239786632
20,198,0,123,85293,5,18500,0.899007718
13,51,0,123,218865,6,8950,0.403835854
31,135,1,51,165758,4,14950,0.207604481
29,26,1,115,43173,3,17695,0.715545001
18,32,0,8,163408,4,17995,0.30658039
31,46,0,51,114400,4,12800,0.14168563
29,49,1,51,148143,8,11950,0.817328262
26,156,0,101,18278,1,18495,0.130621146
30,122,0,8,91249,3,15495,0.002534314
31,135,1,12,86212,2,22000,0.587220146
31,48,0,109,261539,3,14500,0.842916154
29,33,1,62,63810,2,23995,0.209607671
24,85,0,12,39037,2,23500,0.392928696
29,57,0,17,110500,4,13950,0.397058478
26,178,0,123,102995,4,16950,0.316919038
18,65,1,8,29933,1,39995,0.405432226
21,95,0,123,170600,7,6950,0.789752053
29,33,0,51,59000,3,20950,0.554828683
9,215,0,109,84070,2,15500,0.40395052
7,71,1,36,20921,3,15950,0.678958979
27,94,0,123,86064,5,12995,0.419699664
31,185,0,51,31145,1,36995,0.613889131
20,121,0,101,22182,1,14495,0.09500421
7,71,0,36,102200,5,11950,0.710707077
7,71,0,109,130000,6,10500,0.744089207
31,184,0,109,105567,4,18500,0.075747373
9,168,0,8,76400,3,26500,0.048081574
18,32,1,8,123655,7,15995,0.033219997
31,135,0,109,42202,3,23000,0.300670799
31,82,0,109,277582,8,7500,0.602588638
32,203,0,12,109432,4,21950,0.739885645
31,135,0,12,152906,4,15500,0.577947227
1,0,0,66,113778,3,16950,0.761162819
26,126,0,51,151274,5,16495,0.646611183
0,0,0,14,4,-1,36301,0.511921989
9,190,0,52,127000,4,15500,0.141389437
1,9,1,22,241395,6,15950,0.64816944
1,9,1,51,9599,1,43995,0.385751661
13,176,0,109,90745,5,16995,0.220429718
26,126,1,12,186679,5,12500,0.395264555
20,121,0,8,15000,1,14495,0.849698979
31,184,0,51,113569,5,15950,0.747950076
21,24,0,109,51600,2,14950,0.927264514
13,51,0,123,159131,4,10200,0.859513239
9,215,0,51,62000,2,15495,0.850071991
31,184,0,51,58895,2,28000,0.912554139
13,176,0,8,32439,2,24995,0.475870342
0,1,0,2,130353,4,19450,0.811552179
7,69,0,51,46400,1,14750,0.005522973
31,81,0,8,85615,2,18450,0.591681261
9,217,0,51,2,1,18750,0.976231088
0,1,0,17,10,-1,42605,0.352545016
8,55,0,12,68120,2,17950,0.654506889
31,184,0,109,94668,4,22500,0.193121953
16,87,0,126,185570,11,5250,0.208716805
17,45,0,8,9000,0,35495,0.643153357
32,205,1,51,97335,4,38945,0.480853438
31,81,0,12,33990,2,20500,0.965768224
18,65,1,51,100082,3,28900,0.02057449
24,50,0,123,35355,1,17450,0.423922263
8,97,0,12,64372,2,12950,0.728859035
0,3,0,3,89799,3,27950,0.477505278
1,8,1,12,52597,2,34500,0.405747506
18,40,1,123,10,-1,50982,0.857386503
0,3,0,2,70793,3,26950,0.137877675
25,112,1,51,79828,4,14995,0.084235023
9,190,0,8,$,4,20950,0.24800087
0,8,0,31,106214,4,20450,0.889042409
22,128,0,123,374428,9,9500,0.922412249
0,11,1,7,2,-1,87115,0.471171289
13,176,1,12,36209,1,31950,0.004876194
31,135,1,33,100,0,37845,0.591655297
31,184,0,51,98176,4,18500,0.514086561
19,17,0,109,80602,5,13995,0.687037129
13,206,0,51,$,0,23995,0.856107679
20,144,0,51,36355,1,21995,0.744057112
0,1,0,7,5,-1,36648,0.47418577
29,210,0,90,50328,2,15495,0.133026072
29,49,1,123,103661,7,15450,0.222732924
0,4,1,10,10,-1,63995,0.224347297
25,112,1,8,142021,4,11950,0.541971532
25,92,0,8,$,0,18495,0.147838099
0,4,1,34,46477,3,28950,0.224600641
9,214,0,12,1500,0,18995,0.303255291
1,114,1,51,71614,3,56945,0.247411558
31,184,0,51,101782,4,18000,0.621483176
21,58,0,41,55894,3,11500,0.442024432
29,110,0,109,470000,14,6950,0.357671235
13,51,0,123,181608,7,7950,0.392988887
13,176,0,12,71794,2,24995,0.843256566
0,4,1,5,63488,2,32995,0.062215757
18,77,1,8,123474,3,32995,0.436178827
29,57,0,91,51108,3,16495,0.673222262
28,166,0,50,72097,4,13950,0.765535072
29,21,1,12,131000,6,8950,0.052529736
9,214,0,8,153000,8,4950,0.335400066
4,167,0,51,77207,3,9995,0.89231922
29,210,1,94,45408,3,14995,0.649977139
31,135,0,8,145200,3,18750,0.179665226
29,49,1,123,132999,6,13950,0.164880897
7,71,0,109,165200,7,8500,0.696072322
26,126,0,12,9656,0,23500,0.670151897
32,163,0,12,65745,3,23995,0.859697641
26,126,0,8,135181,3,15250,0.877190509
19,17,0,8,27041,3,17950,0.059657142
19,108,0,109,72419,3,19925,0.61092184
31,184,0,101,54158,4,23500,0.009002463
31,46,1,12,58000,2,24500,0.70183366
31,46,0,123,126092,2,13503,0.020752269
0,2,1,3,196335,2,19950,0.082142746
17,118,0,101,13139,1,32995,0.436140589
20,121,0,51,42712,1,13995,0.710637194
31,184,1,51,2000,0,39945,0.923807271
32,192,0,101,99500,5,14995,0.455584917
31,81,0,109,177023,10,6950,0.850394062
0,8,0,2,52785,3,25450,0.561307973
32,203,1,8,52122,1,46995,0.802035381
20,144,0,51,44230,1,23495,0.032791347
18,77,1,51,4881,0,56945,0.686768902
29,57,1,38,5445,0,24375,0.536211033
18,65,1,109,130940,4,24900,0.578117127
24,119,0,123,148056,4,11850,0.413186027
9,213,1,123,40405,1,13950,0.663408463
31,187,0,109,123002,5,16000,0.252717806
26,68,0,101,29387,2,12995,0.924080963
24,101,0,101,14830,1,24450,0.812410182
31,184,0,123,78094,2,29950,0.658828055
31,81,1,123,1250,0,32945,0.756482679
17,116,0,109,113232,8,6995,0.381084821
31,83,1,46,119857,5,15500,0.773745703
18,15,0,8,92276,3,19450,0.344283588
18,65,1,109,160500,7,15950,0.611778145
18,40,1,69,18,-1,43650,0.77821444
3,84,0,109,127135,4,15750,0.59512569
24,101,0,51,78555,4,15950,0.972442255
31,135,0,12,99455,3,20500,0.080093613
31,46,0,21,$,-1,14700,0.33707089
24,101,0,8,15399,1,24450,0.619145116
29,33,1,62,123522,3,20995,0.216814622
18,65,1,51,53320,2,34900,0.251882738
31,181,0,123,22912,0,28950,0.322756925
18,32,1,51,73285,2,27900,0.562300613
24,50,1,109,83901,2,16750,0.233748729
29,26,1,47,66821,2,18888,0.012099709
31,184,0,8,93339,3,24995,0.414306551
29,57,0,62,35205,2,16995,0.282355685
31,184,0,12,108739,2,29500,0.491921929
0,3,0,3,217000,8,11950,0.937679382
31,135,0,8,117432,3,20500,0.595710197
31,81,1,8,23996,2,24995,0.171757418
24,119,0,12,6663,0,20950,0.288201982
0,4,1,2,42048,3,29450,0.293148119
3,35,0,101,48910,5,9995,0.577413432
31,135,0,109,264757,6,10950,0.818551096
20,99,0,51,34999,2,17495,0.638859467
20,186,0,17,146337,9,4950,0.326453429
14,61,0,8,13500,0,49995,0.298679564
9,190,0,51,$,2,41000,0.178828906
0,1,0,31,163181,7,11995,0.252479824
10,59,0,123,86902,3,19750,0.147835302
0,0,0,10,2,-1,29625,0.451856342
1,9,1,12,133218,3,24995,0.074841445
26,103,0,51,19246,2,23995,0.244931942
9,216,0,123,73000,2,22995,0.813434369
8,97,0,101,57935,4,11950,0.691721383
18,32,1,109,102500,4,22995,0.133238273
31,184,0,116,12586,0,37945,0.141844961
1,8,0,10,52946,5,19950,0.334711463
31,184,0,51,98176,4,18500,0.606230095
32,194,1,123,65000,3,28950,0.350956198
8,42,0,109,160930,3,18950,0.662030855
18,165,1,79,83040,9,49845,0.95479477
29,139,1,84,15102,1,31995,0.402865097
31,184,0,123,14,0,37500,0.710412211
24,119,0,101,10000,1,18950,0.467853008
18,65,1,108,$,-1,64196,0.81781721
24,119,0,12,19904,1,18950,0.286331176
0,2,0,20,121502,4,17950,0.475316488
7,155,0,8,107590,6,19995,0.971310551
0,10,1,9,5,-1,108384,0.428227772
20,121,0,51,20337,1,13995,0.052244337
29,57,1,82,3899,0,24495,0.672269363
27,129,0,12,49714,2,29995,0.952666458
31,184,0,109,82682,3,25000,0.349993403
1,9,1,12,29933,1,37995,0.004526592
26,126,1,100,123755,4,18950,0.451724248
26,156,0,51,56987,2,15995,0.983213752
21,24,0,51,105265,3,13450,0.47374225
17,118,1,101,125749,7,10995,0.376917953
20,121,0,123,25519,1,14495,0.650905888
18,65,1,79,91600,4,27445,0.718626129
18,32,1,109,88512,5,20495,0.347282717
18,65,1,49,8,-1,59250,0.228328638
8,55,0,101,193222,4,99999,0.199545022
20,144,0,51,76089,3,16995,0.661530301
26,126,0,109,173804,5,10000,0.910088758
31,187,0,18,138926,4,21000,0.718530393
21,24,0,8,47900,2,13950,0.236397807
31,98,0,109,62897,4,16500,0.637511084
31,98,1,12,78350,3,15000,0.070017266
29,210,0,117,5200,2,15995,0.31353871
1,5,1,12,18900,2,26995,0.493192594
29,210,0,109,31800,1,14750,0.829724986
31,135,1,109,68717,3,21950,0.201407698
25,112,1,101,8047,0,30495,0.620947451
18,28,1,8,10,-1,40800,0.487325106
31,81,0,46,70500,4,15995,0.781370441
7,123,0,51,115015,3,16950,0.279878191
29,139,1,117,44108,2,23995,0.581485621
14,61,1,46,71746,4,29995,0.037922279
31,135,1,109,98006,3,18950,0.836662567
24,101,0,51,31109,1,24450,0.784630934
31,46,0,101,365261,13,2950,0.764897354
7,69,0,51,51000,3,13950,0.504057275
29,21,0,8,143000,5,10750,0.163933795
27,72,1,12,19312,0,42995,0.229587901
26,104,1,123,210200,3,25950,0.503992458
0,2,0,2,149987,4,16950,0.361712871
20,144,0,12,47100,2,21495,0.883031018
31,81,1,109,61153,7,13950,0.369378006
31,184,0,51,$,0,34945,0.37887854
0,2,0,2,61636,3,24950,0.58821285
15,43,1,8,143067,4,15950,0.719016856
20,144,0,8,118729,4,16500,0.902711212
31,98,0,51,86233,4,15000,0.716184558
7,69,0,109,81350,4,10750,0.558093608
1,5,1,8,34894,2,27995,0.835208706
9,190,0,51,123000,3,21995,0.041700305
7,123,0,51,84749,4,15995,0.255583203
31,81,0,12,158838,5,12450,0.698744101
0,1,0,18,4,-1,38707,0.457129199
29,27,0,8,172482,4,14250,0.744330376
3,84,0,101,37014,4,17950,0.213325909
21,24,0,51,171069,6,8750,0.858763286
1,0,1,109,64604,2,21995,0.503326277
20,99,1,8,97174,3,14450,0.61181904
24,170,0,101,17172,1,25950,0.681731828
31,81,0,109,70806,2,22945,0.322473571
0,2,1,23,5,-1,54480,0.14764393
18,40,1,123,2300,0,40900,0.4674503
26,54,1,51,15500,2,12500,0.776291293
7,71,0,12,91730,3,16495,0.177518632
31,184,0,51,101782,4,18000,0.475741662
0,4,1,2,44367,4,26000,0.59221813
24,85,0,51,11500,1,25450,0.216567699
26,68,0,51,26002,1,13950,0.924797304
31,187,0,8,57478,2,27945,0.014853202
31,184,0,8,60943,3,25950,0.79971322
2,175,0,12,119893,8,5500,0.222844596
24,101,0,50,33428,1,23450,0.9358844
31,184,0,101,117000,3,23000,0.81705606
20,198,0,8,69200,3,24950,0.148240655
9,217,0,12,59825,4,11500,0.765272023
7,69,0,12,77246,17,600,0.411939671
20,99,0,101,$,5,12995,0.130854895
26,178,1,8,164149,3,16950,0.459654786
7,71,0,109,2,10,4750,0.637994115
9,190,0,123,75002,3,20495,0.076371637
32,203,1,51,$,-1,73475,0.839599977
0,2,1,18,5,-1,48537,0.163964459
32,164,1,12,78856,3,25950,0.75050824
31,81,1,109,176500,6,10950,0.89624558
0,4,1,21,152774,6,17900,0.679344765
7,123,0,51,80465,3,18995,0.485220651
31,81,0,8,78000,3,17500,0.453973379
31,184,0,8,208800,10,8500,0.424775204
29,210,0,109,95559,8,7950,0.508755706
13,176,0,8,146000,4,16850,0.195443072
19,17,0,101,96558,5,14750,0.662854691
29,26,1,47,68211,2,18888,0.061407722
4,167,0,18,12551,1,12950,0.356499856
7,71,0,109,33500,5,13500,0.468000236
25,22,1,51,16,0,22495,0.909987418
24,85,0,123,25143,1,25450,0.47743068
31,83,0,8,52141,3,18500,0.070978225
9,214,0,101,42074,4,10950,0.093820894
21,24,0,109,80114,5,11995,0.886936537
1,201,1,123,157711,8,18750,0.627567479
31,81,0,12,166800,6,10950,0.095511144
31,46,0,101,110142,5,10000,0.745561218
31,81,0,101,66834,4,16500,0.987823646
15,91,1,68,30145,2,31945,0.336289293
31,135,0,123,138400,4,16500,0.24237005
0,8,1,8,5,-1,45885,0.338325242
28,20,0,51,65981,8,3750,0.883568741
31,48,1,51,115791,7,15000,0.427765946
18,40,0,8,66012,4,22995,0.261493193
24,56,0,101,256,0,18250,0.79924558
9,190,0,109,75000,3,18500,0.190182785
20,144,0,51,28747,1,23495,0.548437816
26,126,0,51,71500,3,16995,0.642086277
0,1,0,1,5,-1,35995,0.531395618
7,71,0,51,21082,3,16950,0.979651619
9,190,0,12,53107,4,18995,0.317344147
20,99,0,51,107823,5,12950,0.032040352
29,33,1,2,47207,3,21995,0.4702982
18,32,1,109,39754,1,34845,0.823318677
31,98,0,8,94223,3,16500,0.527256346
31,81,0,8,128000,5,15945,0.660953673
26,104,1,12,93499,3,32495,0.466518622
31,138,1,12,14,0,24000,0.498388405
15,43,1,8,186518,5,12950,0.277422551
24,101,1,18,29237,1,26450,0.512035654
7,34,0,51,68241,7,9950,0.783194355
29,146,0,74,151828,4,17495,0.345274161
31,184,0,123,147364,5,15000,0.52352743
18,32,1,8,39390,2,29900,0.143603435
18,74,1,8,144356,3,36945,0.680334474
31,135,0,105,96719,4,20945,0.590746405
16,87,0,123,110805,6,12995,0.919859852
31,98,0,12,276800,12,3000,0.684179419
1,12,1,51,26553,1,48995,0.26170736
29,139,1,109,136000,5,12750,0.750414366
9,214,0,109,38020,1,14450,0.082436901
31,81,0,8,92171,3,18450,0.964090633
18,65,1,41,10,-1,68528,0.161385099
7,71,0,51,74028,3,14995,0.507925678
31,81,0,51,112651,3,18495,0.686801513
29,57,1,86,4717,0,26895,0.014718779
0,142,1,67,147200,4,43950,0.492275287
31,98,0,8,59500,5,11950,0.813329106
31,184,0,109,175805,11,8950,0.900944481
4,167,0,123,25,0,12100,1.57832E-05
18,32,1,8,128909,3,24900,0.986196829
0,1,0,32,5,-1,37400,0.509538721
31,81,0,51,31300,3,18500,0.717125864
7,71,0,8,111042,3,14995,0.148218935
26,126,0,12,400301,11,4950,0.478070389
28,179,1,109,133000,3,14950,0.593566743
29,18,0,101,25366,1,10950,0.648221321
15,109,1,35,15350,1,95945,0.952208434
14,154,1,45,138100,3,53495,0.58720756
26,126,0,109,163999,6,10495,0.568158601
20,144,0,51,37162,1,23495,0.636607737
6,62,0,7,17702,5,9995,0.187107038
26,178,1,18,195208,4,13950,0.357538256
20,99,0,109,104000,4,13995,0.811020962
31,184,0,18,160103,8,11400,0.518120957
9,190,0,109,63891,4,99999,0.371189148
1,9,1,12,119893,4,19995,0.060142571
24,85,0,101,28355,1,25450,0.353173657
21,24,0,51,231500,14,1350,0.238919215
18,32,1,8,125525,4,22950,0.215301265
31,135,0,109,146446,4,17950,0.422565712
7,69,0,109,33869,4,12950,0.040881223
9,190,0,51,79000,3,19400,0.5722927
20,144,0,12,24120,1,23495,0.865869234
26,178,0,12,26360,2,24495,0.481907515
0,1,0,17,10,-1,36800,0.781123778
31,135,1,109,205186,3,15950,0.467626703
0,5,1,35,71775,3,34950,0.678219012
31,46,0,123,170000,6,7950,0.396789455
31,81,0,51,235658,9,8000,0.055400338
31,138,0,123,20,0,21500,0.242177814
9,217,0,51,32000,3,14495,0.913383592
7,161,0,109,52302,1,31750,0.621829317
18,32,1,8,88375,2,29900,0.79054299
31,81,0,51,20,0,29945,0.694343799
18,65,1,8,10735,0,45900,0.741432247
26,178,1,123,128744,3,19950,0.546580965
31,98,0,8,170615,5,10450,0.987903354
7,69,0,109,205990,9,6750,0.194024297
29,26,0,8,170000,10,5950,0.183529195
31,83,0,51,68477,5,14000,0.350403909
31,135,0,51,191000,5,13500,0.019517126
1,9,0,8,179612,6,13945,0.804341352
25,19,0,12,70000,2,29495,0.56951951
32,203,0,12,112651,4,22995,0.479151855
9,190,0,123,112000,4,18995,0.892499038
4,167,0,12,52806,2,11950,0.050053364
20,144,0,51,47000,3,19495,0.419402882
29,210,0,109,73099,4,11750,0.658139438
31,138,0,109,76800,5,11950,0.875479363
31,184,0,109,105567,4,18500,0.391269724
18,15,1,12,10,-1,43984,0.608590709
26,169,0,109,16,0,23995,0.453154125
7,123,0,12,83684,3,18995,0.572097485
29,33,1,74,88915,3,20995,0.427948951
24,101,0,51,53181,3,18950,0.40567049
18,77,1,12,119499,2,36995,0.887098696
24,102,0,123,7254,1,9050,0.728576914
19,17,0,101,34700,5,13950,0.976969661
18,32,1,12,2775,0,43995,0.965080496
20,144,0,8,$,5,13995,0.071438506
18,32,1,12,71012,2,28900,0.539590772
31,81,0,51,233728,5,13500,0.592072422
20,111,1,109,7060,1,24995,0.17645478
29,210,0,2,19102,2,13995,0.260694032
31,184,0,51,85000,3,27500,0.530611794
1,9,1,8,62103,2,32945,0.887816759
31,181,0,101,19,0,32500,0.533486245
0,4,1,2,23818,3,25450,0.359414513
18,32,1,123,2000,0,45900,0.042056359
29,57,0,3,51486,2,18399,0.861020679
0,8,1,12,5,-1,46271,0.869310267
31,135,0,51,185070,5,11950,0.680459194
31,135,0,12,78141,2,26950,0.847697386
29,57,0,109,115000,5,13500,0.003555936
29,57,1,62,11901,0,25495,0.961645369
0,8,1,23,5,-1,47685,0.42826528
24,119,0,12,14,1,17950,0.964177637
18,15,1,8,5,-1,36800,0.538712625
9,215,0,18,2,0,24900,0.433266373
3,36,0,8,56546,5,11950,0.814533708
0,2,0,7,10,-1,42718,0.993491951
26,126,0,51,247499,6,8495,0.080493597
18,65,1,8,15891,0,45900,0.107123217
0,2,1,9,10,-1,54480,0.273895668
0,3,0,20,168977,3,24950,0.967576772
18,145,1,109,234009,12,6950,0.016128536
24,50,0,101,36769,1,17950,0.418880789
18,32,1,109,241419,10,7950,0.580308542
20,99,0,51,128744,8,5950,0.766164207
31,81,0,12,175080,7,10950,0.948414959
0,4,0,15,282313,10,6950,0.242198624
31,181,0,96,50,0,28945,0.76085536
17,118,1,101,92000,4,16995,0.185331708
31,81,0,123,20,0,27500,0.414886536
31,181,0,8,21000,2,22500,0.749588073
18,41,1,51,126250,4,25950,0.080863146
24,119,0,8,17,1,18450,0.838274787
18,65,1,109,71775,3,26995,0.797938672
4,167,0,12,24953,1,12950,0.147424289
9,168,0,123,63000,2,29950,0.500005475
31,98,0,51,79164,4,15000,0.917177643
18,65,1,51,129114,4,21495,0.879176077
24,101,0,51,14765,1,25450,0.368415908
32,203,1,8,$,-1,55464,0.257564942
0,2,1,18,2,-1,47990,0.33284111
0,4,1,33,10,-1,69900,0.713462197
0,7,0,26,5,-1,37955,0.461701946
26,68,0,12,35487,2,12995,0.75827898
31,180,0,96,$,0,26945,0.865560559
0,1,1,9,2,-1,43906,0.210441215
18,65,1,8,84443,4,25900,0.889154372
4,64,0,18,31723,1,18450,0.494710341
29,139,1,8,112000,5,12950,0.211604163
31,187,0,51,44556,2,27500,0.294171865
24,119,0,12,28302,1,17950,0.316172146
31,98,0,109,151274,5,12450,0.767960076
7,71,0,109,131963,3,12750,0.197834328
29,26,0,101,68656,5,12950,0.088249154
20,144,0,101,95427,3,17950,0.897830426
22,134,0,109,68878,3,13750,0.465534234
29,27,0,12,140004,4,13500,0.82245232
18,32,1,51,33486,1,33900,0.55270542
26,126,0,109,44999,3,16495,0.375451691
31,81,0,123,14643,1,23950,0.684269548
31,48,0,55,90700,3,20995,0.977052868
13,137,0,123,80465,3,9950,0.759466734
18,65,1,12,92950,3,29900,0.917619445
18,65,1,12,4490,0,52995,0.066575372
31,184,0,46,98500,2,29500,0.080120302
24,105,1,18,16249,0,36900,0.716840497
31,135,0,18,71568,2,26950,0.730241718
0,3,1,18,4,-1,52951,0.773686553
20,121,0,8,16267,1,14495,0.991281066
31,184,0,12,85875,4,17500,0.370612555
29,139,1,117,79915,3,21495,0.808097552
3,37,0,51,13500,0,28995,0.179180864
31,98,0,12,71082,2,17500,0.454341692
31,187,0,8,134353,5,14500,0.604776047
20,144,1,12,40000,2,21495,0.117972398
26,126,0,28,174000,4,11750,0.248557036
14,152,1,8,154943,5,54995,0.777173117
0,2,1,3,122951,5,15950,0.285489108
29,26,0,12,120400,5,12950,0.427381464
29,57,1,119,8050,0,24395,0.823093967
29,27,0,120,130223,6,10995,0.731879103
30,122,0,122,60000,3,16500,0.027955324
20,144,0,18,109820,5,14995,0.381650731
0,1,0,26,10,-1,42418,0.648277267
31,184,0,12,76970,2,27450,0.139605407
24,70,0,12,43774,3,11450,0.365641104
31,187,0,8,69600,3,24000,0.413446512
7,71,0,126,142837,3,20950,0.01106224
0,2,0,34,114260,3,21995,0.710401345
32,205,1,109,103500,5,37500,0.011125522
31,81,0,8,114260,3,16995,0.092477391
25,19,0,109,53226,3,26995,0.499988762
15,124,1,112,44090,2,37945,0.871167721
31,184,0,5,84000,2,26945,0.478204769
9,216,0,109,88512,4,13250,0.621957674
22,4,0,101,$,0,18450,0.152254279
0,4,1,2,78975,4,23945,0.347886619
31,184,0,51,130122,3,22950,0.107181519
17,45,0,51,173999,5,14495,0.626227387
29,57,0,109,165164,7,8250,0.39901615
32,192,0,8,109432,4,14850,0.042627299
31,172,0,126,254050,3,28000,0.330969378
32,192,1,8,42109,2,23995,0.630126103
29,49,1,109,152000,5,14950,0.760675166
24,101,0,12,29770,1,23450,0.940413489
20,111,1,101,12453,1,28995,0.436118702
9,218,0,17,115448,5,14995,0.594965186
26,126,1,109,115300,3,14500,0.877796718
18,65,1,18,72152,4,26900,0.08472894
24,101,0,8,80858,4,16945,0.252108487
24,56,0,101,34469,1,13950,0.068129818
11,88,1,51,35244,1,58995,0.488450386
7,123,0,109,143000,5,12750,0.033951543
13,127,0,8,40754,2,17950,0.218531871
0,9,1,12,4,-1,65900,0.026851915
18,32,1,109,8248,0,39995,0.249967625
9,213,0,123,36410,1,11900,0.747463394
31,81,1,51,8000,2,25500,0.01284598
26,68,0,51,53912,3,10250,0.46397129
0,10,1,26,5,-1,110412,0.821069555
0,5,1,23,5,-1,87900,0.303980576
18,65,1,8,94949,3,26995,0.62916083
31,135,0,12,55000,2,23500,0.039264436
26,178,1,8,50788,1,24500,0.591372713
31,81,0,123,133572,4,15750,0.258508241
23,132,1,51,39849,2,129995,0.788678063
31,81,0,101,65441,3,17500,0.037440195
0,8,1,14,5,-1,47801,0.742999252
29,27,0,123,84989,3,16495,0.987750129
29,139,1,101,140000,6,11950,0.466768974
31,135,1,34,11426,0,42745,0.330258594
26,156,0,12,43857,2,16495,0.19555077
26,126,0,51,10,0,24995,0.748262887
16,87,0,102,279000,8,6500,0.791957694
26,178,0,51,150470,3,16950,0.90063976
29,146,1,110,10002,0,36495,0.647100792
0,162,1,54,2,-1,65705,0.98517489
18,32,1,51,89006,3,24900,0.450155635
31,184,0,12,58000,2,28000,0.046186013
32,203,1,12,$,-1,56591,0.846120582
30,122,0,65,34000,3,14500,0.368377366
26,54,0,101,115625,5,6950,0.291800678
9,218,0,123,118035,5,15995,0.737283212
31,184,0,123,159523,5,15500,0.236293684
0,8,1,8,5,-1,47229,0.453126623
31,138,1,123,83885,5,12750,0.273489886
22,7,0,123,151274,4,9450,0.165941973
18,65,1,51,93184,3,30900,0.855132369
31,135,0,8,34739,3,23500,0.31386752
20,111,1,123,13000,1,36495,0.004235114
9,216,0,8,199851,6,9500,0.912972577
31,187,0,55,24100,1,31945,0.535972711
31,47,1,51,24691,2,23500,0.965784745
1,5,1,8,70005,3,21945,0.046888679
9,190,0,123,152884,4,14950,0.959569781
9,213,0,101,2,0,15750,0.404430534
19,108,0,123,143167,7,13750,0.85352895
18,65,1,26,12,-1,61830,0.65315563
26,178,0,51,52999,2,22495,0.794742641
31,184,0,51,58381,2,31000,0.709674014
31,81,0,51,126475,6,12500,0.295456495
28,179,0,101,80491,7,7900,0.217899034
29,33,1,3,4000,0,28395,0.025095123
31,81,0,51,43702,4,17500,0.114995499
13,51,0,109,77777,4,12995,0.638004615
24,50,0,80,27878,1,17450,0.19903179
15,43,1,51,173804,9,11950,0.266375365
25,22,0,98,70325,2,16995,0.150648715
31,138,0,8,221897,8,8500,0.706649702
29,26,1,51,76400,2,17950,0.097151754
26,104,1,51,40000,1,40000,0.292682381
18,53,0,109,144824,3,13750,0.65354248
21,86,0,40,37500,1,22950,0.113471555
0,10,1,2,24461,2,56950,0.861702184
13,177,0,101,$,0,20995,0.565510983
7,107,0,8,69200,4,17450,0.012313356
7,123,0,51,135149,3,15950,0.463391886
24,101,0,8,97550,2,17950,0.794008606
31,184,0,101,54158,4,23500,0.967272401
20,144,1,8,91576,5,15495,0.942308754
9,215,0,123,74609,3,13900,0.490249133
24,101,0,51,37210,1,20950,0.494383312
9,168,1,123,17000,1,46995,0.969877702
3,84,1,12,53107,3,18950,0.581476446
21,24,0,8,219509,4,8950,0.283781713
1,5,1,12,107076,3,23950,0.462894291
18,32,1,8,52249,2,29495,0.039633875
31,135,0,51,20,0,37950,0.398211831
25,112,0,51,89363,5,12495,0.946934504
8,42,0,109,120698,3,20750,0.480466484
7,161,0,123,186679,8,9900,0.332895413
20,144,0,109,141230,5,14995,0.159162018
9,213,0,12,1500,0,16995,0.185477035
29,146,0,109,110768,4,18495,0.897686829
6,31,0,12,2,12,1950,0.298661735
31,98,0,109,81600,4,14500,0.181714007
15,147,1,112,28385,1,49945,0.266865604
13,173,0,51,109999,4,26995,0.128117575
31,81,0,8,53769,2,21945,0.354720219
25,22,0,101,19,0,21495,0.24554304
29,139,1,42,38503,2,23999,0.7726306
8,55,0,12,147190,4,12950,0.645908527
31,98,0,51,116835,3,16945,0.578990091
21,24,0,51,51150,2,13950,0.812965842
31,81,0,8,51498,3,19495,0.665008559
13,176,0,109,40233,3,19995,0.795649997
7,161,0,8,262316,9,7450,0.674048006
21,95,0,51,46928,4,13500,0.514971866
31,23,0,51,52993,2,99999,0.503168982
20,144,0,8,149900,5,8000,0.661839912
20,144,0,8,86902,4,15995,0.791102872
7,71,0,12,54716,4,14450,0.124071665
21,24,1,8,12095,2,18500,0.340661388
24,101,0,12,12934,1,24450,0.966842659
0,7,0,12,10,-1,37955,0.479669919
31,98,0,18,113600,5,12500,0.859814219
29,57,1,88,5,0,28200,0.282402346
13,176,0,123,136589,5,15500,0.235731146
21,122,1,123,29901,2,22950,0.869115062
29,33,0,51,54176,2,19950,0.123211695
31,184,0,123,138400,4,16995,0.815777196
13,159,0,8,201163,12,2450,0.785731786
7,69,0,109,106214,3,12750,0.33988013
3,30,0,8,9000,0,12393,0.617797917
31,184,0,123,147364,5,15000,0.813913769
26,169,0,12,16,0,25495,0.194875137
13,195,0,109,40836,4,11995,0.894499626
1,200,1,8,32757,2,43950,0.875011569
31,81,1,8,135382,6,13500,0.113244567
32,203,1,101,$,-1,56591,0.122806919
31,181,0,8,100,0,28945,0.861218861
25,25,0,7,60000,2,23995,0.236526746
7,155,0,109,56326,2,25750,0.308111044
31,135,0,109,115226,4,18500,0.183315594
3,84,0,123,72419,5,14950,0.770851544
15,43,1,61,20948,2,27945,0.971644994
21,86,0,12,41275,1,23500,0.69146912
31,98,0,8,125006,4,13500,0.327965831
32,203,1,123,$,-1,53362,0.690965349
29,210,0,109,123916,12,3950,0.801770024
3,174,0,1,45060,2,27900,0.160951802
29,57,0,117,39206,2,16495,0.891069039
24,119,0,51,17,1,18950,0.366093688
24,50,0,123,12010,1,17450,0.216976255
31,180,0,12,$,0,26500,0.60512652
31,81,0,101,165758,5,11950,0.187206922
25,92,0,123,10,0,18995,0.366898958
21,24,0,101,59608,3,14500,0.737548663
13,176,0,123,50300,2,24995,0.522628309
26,126,0,18,123422,3,14495,0.745086668
7,123,0,51,98167,4,16495,0.56811269
26,178,0,12,171551,4,13950,0.126773726
0,8,1,23,5,-1,47882,0.578579987
31,81,0,101,108495,3,11500,0.869537402
29,57,1,119,17000,0,27999,0.714702608
29,146,1,8,85829,3,25950,0.780649195
0,4,1,2,41681,3,28450,0.284414375
26,178,0,123,63149,2,22495,0.790390808
0,0,0,23,5,-1,29868,0.213782405
1,9,1,12,12849,0,47995,0.990962419
29,57,1,119,13699,0,28399,0.826637281
21,58,0,101,42295,3,12000,0.66948453
0,8,1,26,10,-1,52700,0.503566301
3,84,0,12,94949,3,15950,0.89447819
0,2,0,30,28002,3,23950,0.76418611
15,151,1,112,5,0,79945,0.795194464
24,212,1,12,49000,1,19950,0.16735824
24,101,0,51,72419,4,15950,0.222152251
0,1,1,26,2,-1,40701,0.340854042
31,184,0,101,21147,3,27500,0.753932977
31,23,1,123,25387,1,38945,0.871585173
7,71,0,109,56000,4,14500,0.040310002
31,81,0,123,19341,0,29500,0.748915212
31,180,0,123,28000,0,28000,0.493571016
20,144,0,51,103699,4,15950,0.252718481
29,140,1,83,85000,6,15750,0.902318959
26,104,0,12,143228,3,29495,0.613559269
0,4,1,7,2,-1,56527,0.547849894
0,3,0,15,52809,3,24995,0.262363938
29,26,0,109,118259,6,11900,0.15037772
29,33,1,12,120698,3,19950,0.882340158
7,71,0,123,128775,3,14500,0.141796901
29,57,0,8,205000,13,3000,0.847347019
14,60,0,51,65124,1,39750,0.509037232
9,215,1,8,$,3,15950,0.214181933
26,103,0,12,46980,2,23495,0.562057314
32,204,0,18,$,2,55995,0.983235371
0,2,1,30,41198,3,24450,0.551777181
0,2,0,2,185874,3,17950,0.65685787
26,126,0,8,109432,3,15950,0.00183396
3,84,0,101,112638,6,10750,0.054993258
21,95,0,109,170586,7,6850,0.220632019
20,144,0,109,177479,7,8500,0.816576122
31,46,0,51,127753,2,13000,0.883858499
22,158,0,51,200,0,28995,0.302480254
0,9,1,5,39790,1,48945,0.36482355
31,98,0,51,131700,5,10950,0.827566211
18,15,0,123,$,-1,33580,0.185347031
1,9,1,8,75637,5,20995,0.583573359
1,200,1,8,87348,4,27995,0.95162355
26,103,0,51,54999,2,24995,0.099936748
26,126,0,12,102995,4,19750,0.330922815
31,184,0,51,130122,3,22950,0.253737761
21,95,0,31,13784,0,32500,0.685665501
9,190,0,123,53107,3,21995,0.475999678
29,140,1,109,121000,5,14950,0.156560303
0,148,1,71,2,-1,193000,0.69624411
31,184,0,18,73439,4,23000,0.017310847
29,210,0,101,62794,4,12950,0.130906514
32,205,1,51,102351,5,38995,0.991537345
19,17,0,51,72419,3,17950,0.030043637
21,58,0,12,91667,5,9950,0.113534748
31,81,0,51,20,0,33500,0.064087008
29,210,1,51,34021,1,18000,0.377684742
18,77,1,51,1704,0,66900,0.592670982
15,79,1,68,63795,2,35945,0.610752175
17,118,0,101,75560,2,21995,0.820291164
31,138,0,8,31000,4,13000,0.153023768
7,71,0,109,58500,3,13950,0.28434561
20,144,0,12,159017,6,11995,0.248709181
31,135,0,12,105765,3,20500,0.109893865
31,48,1,51,41842,2,29500,0.352991562
29,139,1,119,71980,2,22999,0.351738308
22,3,0,51,44500,2,14450,0.844794542
29,26,0,109,189000,7,6950,0.606594675
31,171,0,109,95125,4,23950,0.604776851
9,190,0,51,172000,4,15995,0.039600594
13,206,0,51,105,0,22995,0.749440698
24,50,0,51,67081,3,14950,0.78870098
27,129,1,51,52000,1,38995,0.759908549
20,144,0,8,159000,6,10950,0.611532619
23,14,0,12,167367,18,22750,0.874927094
8,55,0,12,119088,4,14450,0.500461447
31,138,0,105,$,0,20945,0.403095825
31,135,0,18,141272,7,10000,0.111143524
18,15,0,12,45542,3,99999,0.228854325
26,211,0,8,72380,3,17950,0.454163849
7,80,0,111,51015,1,35950,0.978471768
29,57,1,63,51473,1,25499,0.297651149
31,23,1,33,9921,1,39845,0.582644668
7,107,0,12,48279,3,20450,0.812729639
32,163,0,12,195559,4,12995,0.28307989
25,19,0,8,130000,5,19950,0.812509754
32,202,0,123,10000,0,36995,0.771862644
29,139,1,42,62124,2,23499,0.76021633
0,1,0,6,5,-1,37600,0.593287565
0,4,1,2,91730,2,31495,0.704996614
18,65,1,109,65260,5,17945,0.069926518
0,2,0,16,233670,7,12950,0.380497481
26,68,0,101,67591,3,11500,0.560700206
7,71,0,51,64023,3,14950,0.240908382
21,16,0,123,59704,3,9500,0.208122852
31,135,0,51,126652,3,17450,0.366823645
7,71,0,101,75637,3,16495,0.333660983
26,126,0,12,36285,1,22995,0.128727468
13,177,0,51,$,0,22995,0.218742279
0,4,1,33,10,-1,76053,0.584318485
31,98,0,8,108678,5,13000,0.590779855
14,153,1,123,108300,4,32950,0.906674052
9,214,0,12,167781,9,5950,0.417338447
31,98,0,8,65624,3,17945,0.860434366
31,135,0,8,117823,5,13500,0.884686763
31,98,0,51,102801,6,12500,0.060934604
14,60,1,9,66000,2,51750,0.925959533
20,144,0,11,71614,2,19950,0.726663214
32,164,1,8,$,-1,55948,0.483332779
31,138,0,104,30,0,18945,0.24569303
3,84,1,12,62092,2,19950,0.155197236
0,8,1,26,5,-1,47801,0.389822957
24,50,0,101,36769,1,17950,0.490765246
7,71,0,8,131963,4,11995,0.1585089
7,71,0,8,166400,3,12950,0.365311762
29,26,0,48,63789,2,17999,0.417856909
31,81,0,96,4000,0,30945,0.341597081
31,184,0,123,268573,7,11500,0.9951616
0,2,0,15,57999,5,16450,0.262721003
18,32,1,51,102995,3,26495,0.800278838
18,32,1,101,105892,3,24945,0.967637867
24,56,0,101,100,0,17850,0.453055095
32,163,0,123,153275,6,11495,0.434958045
26,126,0,51,146446,5,12950,0.031544213
18,15,0,8,30,-1,37800,0.196010863
7,71,0,36,11426,3,15950,0.77436801
18,32,1,51,25483,2,30900,0.244184884
9,190,0,51,141002,4,15995,0.979647376
4,64,0,51,11941,1,19495,0.260874483
31,184,0,46,39029,2,31950,0.704917193
18,32,0,109,197944,7,13450,0.981118384
18,40,1,51,10,-1,44300,0.953933015
13,125,1,12,66625,2,22995,0.684459501
24,56,0,12,28996,1,15950,0.451940417
0,7,0,18,10,-1,37955,0.63982801
0,3,1,17,5,-1,53144,0.238249959
7,71,0,12,26056,2,17995,0.846763725
13,176,0,109,196920,8,11000,0.915591888
29,26,0,109,111000,5,11900,0.100208068
32,205,1,39,80143,3,45950,0.712719745
24,101,0,12,22518,1,24450,0.678009496
31,135,0,12,146446,3,18950,0.129745375
3,84,1,101,201163,11,4250,0.492202598
17,118,0,101,175414,4,11725,0.947196613
26,178,0,18,59544,2,23500,0.365869214
18,32,1,8,34000,1,38745,0.258290277
29,57,0,119,54759,2,18399,0.865305467
22,11,0,51,4998,0,35995,0.304975631
29,33,1,51,46114,1,25950,0.847642296
25,22,0,8,2,0,23995,0.033905915
31,171,0,55,88000,3,26945,0.40441084
21,24,0,12,105000,3,12500,0.075507074
13,206,0,12,$,0,24995,0.648200832
9,215,0,51,40000,1,20495,0.033097575
26,68,0,51,22530,2,14500,0.922939096
9,216,0,12,167367,8,8450,0.521782532
31,138,0,8,78965,3,13000,0.828768688
31,81,0,109,228521,6,12450,0.436240848
24,85,0,51,15643,1,25450,0.781904384
29,49,1,109,185000,6,13450,0.000539204
24,101,0,101,75637,4,16950,0.75314281
18,77,1,8,15952,0,55900,0.191202472
0,4,1,33,2,-1,65667,0.90730155
31,81,1,33,16465,1,28945,0.681736553
31,81,1,51,53295,2,25500,0.236575486
26,68,0,51,109000,5,9495,0.426012177
7,71,0,8,190791,5,10450,0.225914123
31,98,0,12,87548,3,16500,0.360818722
31,184,1,101,65981,2,36500,0.183699254
31,187,1,12,83649,3,28500,0.447259873
32,203,1,12,$,0,54995,0.104246749
31,135,0,51,122000,6,11950,0.017802771
3,36,0,8,56546,5,11950,0.03879685
31,135,0,101,163986,6,11950,0.668370735
3,36,0,51,76999,5,10995,0.096958777
1,5,1,123,94949,3,23945,0.974497416
0,4,1,3,120376,3,24950,0.143185874
21,24,0,101,158300,12,2600,0.553804604
31,135,0,12,241719,6,11500,0.292520269
18,32,1,51,22001,0,38995,0.386013066
21,24,0,12,105000,3,12500,0.303601176
7,71,0,123,74564,2,16500,0.957393435
4,113,0,51,22,0,17250,0.518725553
31,135,0,109,159000,4,15000,0.821902057
29,146,0,3,102900,5,17395,0.555188272
9,213,0,123,39000,1,13495,0.411703138
20,99,0,51,37141,3,15995,0.090320916
31,184,0,96,26645,0,37945,0.830755855
29,49,1,109,102000,6,13950,0.612436645
28,93,1,50,129000,5,11450,0.043007673
18,65,1,51,90811,3,28900,0.997594433
20,111,1,101,72000,2,20495,0.658780438
31,184,0,109,94668,4,22500,0.881584899
1,9,1,12,35421,1,37945,0.319982822
8,55,0,51,86902,9,7950,0.350659631
9,213,1,123,93634,7,7950,0.610531901
26,178,0,51,140300,3,15950,0.960049381
19,17,0,125,161900,9,6950,0.240427821
31,135,0,123,132569,3,18500,0.813699895
4,167,0,8,13100,1,13950,0.155246835
7,71,0,51,107823,4,12995,0.792045209
31,89,1,123,3,0,41500,0.349081579
29,57,1,74,200,0,25495,0.162179225
0,8,1,8,5,-1,47801,0.968334948
11,209,1,12,199009,13,6950,0.826245189
3,36,0,51,32999,1,17995,0.270126816
32,192,1,123,36343,2,23995,0.288800338
20,144,0,18,112000,5,13995,0.370028363
22,6,0,51,76699,2,25995,0.102938629
31,184,0,51,132269,3,22950,0.515500699
13,195,0,109,67546,8,6995,0.785316222
26,68,0,51,100903,3,11995,0.719058964
4,64,0,51,30098,1,19450,0.989871708
26,126,0,51,189500,5,11995,0.611503084
31,184,0,12,68313,2,31500,0.16546299
9,218,0,17,102679,5,15495,0.943196771
7,71,0,109,49859,2,17950,0.932019114
20,144,0,101,116300,4,17495,0.981553193
0,1,0,12,10,-1,38997,0.984172505
13,173,0,51,98000,2,29495,0.632529544
32,205,1,8,78999,2,52995,0.926997799
26,178,1,51,86902,3,19500,0.012906024
18,40,1,51,25565,1,35900,0.063858589
25,92,0,51,2,0,18995,0.661306036
31,81,0,8,161430,6,12995,0.21745578
0,4,1,7,5,-1,56099,0.80996753
20,121,0,12,36823,1,13995,0.760841103
9,216,0,8,210657,6,10950,0.707609531
0,2,0,2,84500,3,22950,0.613320906
31,135,0,101,112651,3,20950,0.895585461
29,140,1,109,152000,6,12950,0.643247751
3,36,0,51,32999,1,17995,0.594166888
26,126,0,16,77400,2,15950,0.713256927
9,190,1,46,34146,3,23495,0.505297483
31,184,0,116,85293,3,23900,0.056279308
28,197,0,8,61079,1,18950,0.379133876
18,77,1,8,59681,2,39900,0.411527698
17,45,1,12,61000,5,18950,0.532090819
31,81,0,52,74350,2,21900,0.399853628
31,135,0,51,83684,3,18950,0.947870597
26,178,0,123,143228,3,16950,0.026234198
0,4,0,31,78603,4,23950,0.843118934
31,98,0,12,35395,2,19500,0.471769828
6,63,0,123,278409,19,4500,0.91090183
9,215,0,109,54306,2,17750,0.852511203
24,50,0,101,15871,1,17450,0.703634883
18,40,0,8,52235,2,26900,0.417154143
0,3,0,2,217566,10,7945,0.646144593
29,26,0,117,49108,2,18995,0.211860728
26,68,0,101,109432,8,7500,0.292544339
0,4,1,26,5,-1,62262,0.579823524
29,26,0,17,82958,4,14950,0.751478324
20,144,0,51,28326,1,23495,0.910218727
29,26,1,38,63965,3,17999,0.529687521
0,2,0,32,167367,4,16950,0.600322168
26,68,0,101,2500,4,12500,0.626363162
31,184,0,18,108017,5,15950,0.597180444
26,178,0,109,151596,3,16950,0.230887028
31,98,0,109,155637,5,12500,0.699627757
31,46,0,123,196716,6,7450,0.226376771
21,120,0,123,25749,3,12850,0.001131229
31,184,0,12,51646,3,26500,0.279857424
24,50,0,12,24033,1,17450,0.765072085
4,64,0,8,30556,1,18450,0.260331561
29,210,0,51,69369,8,7450,0.723398614
3,84,0,51,136791,4,16950,0.131264225
0,2,0,17,40600,4,24950,0.387295223
21,58,0,23,51419,4,11000,0.847244282
29,210,0,43,26599,1,15299,0.081723526
31,81,0,8,105329,4,15500,0.756080337
24,119,0,12,8891,1,16950,0.663038338
11,207,0,8,11100,1,37950,0.613136685
0,1,0,2,39106,3,19950,0.368943965
18,65,1,18,75600,2,32900,0.261911295
29,57,0,51,185010,9,6500,0.280705069
9,190,0,51,61000,3,20995,0.239805331
31,181,0,12,18,0,31000,0.247320917
18,65,1,123,55360,3,35950,0.323230394
24,56,0,51,41314,1,13950,0.840674022
26,126,0,123,48279,2,24500,0.059177593
0,2,0,2,143871,3,19950,0.253951006
21,24,0,109,62763,2,13725,0.950749874
24,50,0,101,32954,1,17450,0.920088629
7,71,0,51,104605,3,13900,0.148243326
0,149,1,70,5,-1,198790,0.201587601
24,50,0,51,28762,1,17450,0.467260174
0,3,0,34,58579,3,27750,0.061221415
15,151,1,112,58000,2,52945,0.242864008
18,160,1,59,108860,4,37845,0.807786223
9,190,0,51,68000,4,18995,0.063492734
24,56,0,123,39555,1,13950,0.90342522
0,1,0,2,58047,3,17750,0.454732454
31,81,0,8,128785,4,15500,0.318639204
13,176,0,8,128973,8,12000,0.252232181
31,81,0,101,136353,3,16500,0.434858432
29,26,1,6,34202,4,16899,0.851996445
29,33,1,2,25504,1,26995,0.102256742
31,23,1,109,14126,1,39945,0.949685208
26,126,1,12,143999,7,9495,0.782910781
31,171,1,109,11758,0,39945,0.127387626
18,65,1,123,98167,5,20995,0.469671529
24,50,0,51,38917,1,16450,0.591508008
31,81,0,24,88582,3,19945,0.938977812
18,191,1,8,44,-1,77900,0.753944096
21,95,1,106,5282,0,34500,0.515659752
9,106,0,80,35199,1,18750,0.203711727
26,68,0,6,48221,4,10499,0.400636765
20,99,0,51,101223,4,13495,0.63018435
29,140,1,95,20803,1,32495,0.590771835
31,81,0,8,102630,4,17500,0.362876929
0,3,1,7,5,-1,53144,0.793566661
28,197,0,123,46399,4,15995,0.160032394
9,190,0,123,74000,3,18995,0.054106785
30,95,0,12,303713,9,2500,0.656132941
20,144,0,51,98167,3,18900,0.601016675
29,33,0,74,106420,3,17495,0.695942557
24,101,0,12,25336,1,23450,0.772494788
31,81,1,8,128200,4,16450,0.277332932
31,81,0,12,182265,4,13950,0.796486102
0,11,1,7,5,-1,96813,0.996996865
31,135,0,8,88512,4,19945,0.908290897
29,210,0,117,15102,0,16995,0.650046867
18,32,1,8,128156,3,29495,0.128891701
29,26,1,101,24140,4,17900,0.325862209
32,192,0,109,77411,3,17995,0.709810433
1,9,1,51,25765,2,34945,0.673548513
9,96,1,8,1000,0,34950,0.602704586
31,81,0,123,56875,2,21950,0.563236439
9,190,0,12,65655,3,20950,0.308492271
31,135,0,8,48362,2,25500,0.038127757
20,99,0,51,7946,0,22995,0.857705264
31,184,0,109,160594,4,19950,0.104639018
24,101,0,101,109321,2,18250,0.579011371
31,184,0,123,159523,5,15500,0.091182393
8,42,0,51,69141,3,22950,0.868360141
31,138,0,51,59435,7,10500,0.000557794
13,176,0,7,145000,4,16995,0.282350207
31,138,0,109,86260,5,12500,0.258571216
31,98,0,8,86644,4,14500,0.176427207
26,104,1,8,54716,3,31495,0.297634852
31,46,0,109,73605,4,12000,0.502518943
7,69,0,12,238176,10,5250,0.51648794
24,101,0,123,22577,1,24450,0.01969137
25,22,0,121,30100,1,18950,0.751870874
9,190,0,12,106000,4,16995,0.657832034
0,2,0,15,114260,4,18495,0.966732389
31,135,0,101,99313,3,19500,0.803592067
31,135,1,123,124681,3,23950,0.95152228
9,190,0,123,38350,1,28950,0.338566457
1,5,1,8,143261,3,20945,0.56969847
20,99,0,101,95338,4,12995,0.691907513
31,81,1,12,102995,3,19945,0.554028835
17,118,1,12,118284,4,16495,0.035320008
7,107,0,109,35700,1,25950,0.142209195
31,135,0,109,45060,2,25500,0.865172677
13,127,0,123,13769,1,28995,0.382079208